,Employee_Name,Salary,PositionID,Position,State,Zip,DOB,Sex,MaritalDesc,CitizenDesc,HispanicLatino,RaceDesc,DateofHire,TermReason,EmploymentStatus,Department,ManagerName,ManagerID,RecruitmentSource,PerformanceScore,EngagementSurvey,EmpSatisfaction,SpecialProjectsCount,LastPerformanceReview_Date,DaysLateLast30,Absences
0,Wilson  K Adinolfi,62506,19,Production Technician I,MA,1960,07/10/83,M ,Single,US Citizen,No,White,7/5/2011,N/A-StillEmployed,Active,Production,Michael Albert,22.0,LinkedIn,Exceeds,4.6,5,0,1/17/2019,0,1
1,Karthikeyan    Ait Sidi,104437,27,Sr. DBA,MA,2148,05/05/75,M ,Married,US Citizen,No,White,3/30/2015,career change,Voluntarily Terminated,IT/IS,Simon Roup,4.0,Indeed,Fully Meets,4.96,3,6,2/24/2016,0,17
2,Sarah Akinkuolie,64955,20,Production Technician II,MA,1810,09/19/88,F,Married,US Citizen,No,White,7/5/2011,hours,Voluntarily Terminated,Production,Kissy Sullivan,20.0,LinkedIn,Fully Meets,3.02,3,0,5/15/2012,0,3
3,Trina Alagbe,64991,19,Production Technician I,MA,1886,09/27/88,F,Married,US Citizen,No,White,1/7/2008,N/A-StillEmployed,Active,Production,Elijiah Gray,16.0,Indeed,Fully Meets,4.84,5,0,1/3/2019,0,15
4,Carol  Anderson,50825,19,Production Technician I,MA,2169,09/08/89,F,Divorced,US Citizen,No,White,7/11/2011,return to school,Voluntarily Terminated,Production,Webster Butler,39.0,Google Search,Fully Meets,5.0,4,0,2/1/2016,0,2
5,Linda   Anderson,57568,19,Production Technician I,MA,1844,05/22/77,F,Single,US Citizen,No,White,1/9/2012,N/A-StillEmployed,Active,Production,Amy Dunn,11.0,LinkedIn,Exceeds,5.0,5,0,1/7/2019,0,15
6,Colby Andreola,95660,24,Software Engineer,MA,2110,05/24/79,F,Single,US Citizen,No,White,11/10/2014,N/A-StillEmployed,Active,Software Engineering,Alex Sweetwater,10.0,LinkedIn,Fully Meets,3.04,3,4,1/2/2019,0,19
7,Sam Athwal,59365,19,Production Technician I,MA,2199,02/18/83,M ,Widowed,US Citizen,No,White,9/30/2013,N/A-StillEmployed,Active,Production,Ketsia Liebig,19.0,Employee Referral,Fully Meets,5.0,4,0,2/25/2019,0,19
8,Linda Bachiochi,47837,19,Production Technician I,MA,1902,02/11/70,F,Single,US Citizen,No,Black or African American,7/6/2009,N/A-StillEmployed,Active,Production,Brannon Miller,12.0,Diversity Job Fair,Fully Meets,4.46,3,0,1/25/2019,0,4
9,Alejandro  Bacong,50178,14,IT Support,MA,1886,01/07/88,M ,Divorced,US Citizen,No,White,1/5/2015,N/A-StillEmployed,Active,IT/IS,Peter Monroe,7.0,Indeed,Fully Meets,5.0,5,6,2/18/2019,0,16
10,Rachael   Baczenski,54670,19,Production Technician I,MA,1902,01/12/74,F,Married,US Citizen,Yes,Black or African American,1/10/2011,Another position,Voluntarily Terminated,Production,David Stanley,14.0,Diversity Job Fair,Fully Meets,4.2,4,0,1/30/2016,0,12
11,Thomas Barbara,47211,19,Production Technician I,MA,2062,02/21/74,M ,Married,US Citizen,Yes,Black or African American,4/2/2012,unhappy,Voluntarily Terminated,Production,Kissy Sullivan,20.0,Diversity Job Fair,Fully Meets,4.2,3,0,5/6/2016,0,15
12,Hector Barbossa,92328,9,Data Analyst,TX,78230,07/04/88,M ,Divorced,US Citizen,No,Black or African American,11/10/2014,N/A-StillEmployed,Active,IT/IS,Simon Roup,4.0,Diversity Job Fair,Exceeds,4.28,4,5,2/25/2019,0,9
13,Francesco  A Barone,58709,19,Production Technician I,MA,1810,07/20/83,M ,Single,US Citizen,No,Two or more races,2/20/2012,N/A-StillEmployed,Active,Production,Kelley Spirea,18.0,Google Search,Fully Meets,4.6,4,0,2/14/2019,0,7
14,Nader Barton,52505,19,Production Technician I,MA,2747,07/15/77,M ,Divorced,US Citizen,No,White,9/24/2012,Another position,Voluntarily Terminated,Production,Michael Albert,22.0,On-line Web application,Fully Meets,5.0,5,0,3/2/2017,0,1
15,Norman Bates,57834,19,Production Technician I,MA,2050,10/18/81,M ,Single,US Citizen,No,White,2/21/2011,attendance,Terminated for Cause,Production,Kelley Spirea,18.0,Google Search,Fully Meets,5.0,4,0,4/5/2017,0,20
16,Kimberly   Beak,70131,20,Production Technician II,MA,2145,04/17/66,F,Married,US Citizen,No,White,7/21/2016,N/A-StillEmployed,Active,Production,Kelley Spirea,18.0,Employee Referral,Exceeds,4.4,3,0,1/14/2019,0,16
17,Courtney  Beatrice,59026,19,Production Technician I,MA,1915,10/27/70,F,Single,Eligible NonCitizen,No,White,4/4/2011,N/A-StillEmployed,Active,Production,Elijiah Gray,16.0,Google Search,Fully Meets,5.0,5,0,1/14/2019,0,12
18,Renee Becker,110000,8,Database Administrator,MA,2026,04/04/86,F,Single,US Citizen,Yes,White,7/7/2014,performance,Terminated for Cause,IT/IS,Simon Roup,4.0,Google Search,Fully Meets,4.5,4,5,1/15/2015,0,8
19,Scott Becker,53250,19,Production Technician I,MA,2452,04/06/79,M ,Single,US Citizen,No,Asian,7/8/2013,N/A-StillEmployed,Active,Production,Webster Butler,,LinkedIn,Fully Meets,4.2,4,0,1/11/2019,0,13
20,Sean Bernstein,51044,19,Production Technician I,MA,2072,12/22/70,M ,Single,US Citizen,Yes,White,4/2/2012,N/A-StillEmployed,Active,Production,Amy Dunn,11.0,Google Search,Fully Meets,5.0,3,0,1/14/2019,0,13
21,Lowan  M Biden,64919,19,Production Technician I,MA,2027,12/27/58,F,Divorced,US Citizen,No,Asian,8/19/2013,N/A-StillEmployed,Active,Production,Ketsia Liebig,19.0,Indeed,Fully Meets,4.2,3,0,1/10/2019,0,2
22,Helen Billis,62910,19,Production Technician I,MA,2031,09/01/89,F,Married,US Citizen,No,White,7/7/2014,N/A-StillEmployed,Active,Production,Brannon Miller,12.0,Indeed,Exceeds,5.0,3,0,2/27/2019,0,19
23,Dianna Blount,66441,20,Production Technician II,MA,2171,09/21/90,F,Single,US Citizen,No,White,4/4/2011,N/A-StillEmployed,Active,Production,Michael Albert,22.0,CareerBuilder,Needs Improvement,2.0,3,0,2/27/2019,2,3
24,Betsy Bondwell,57815,20,Production Technician II,MA,2210,01/16/67,F,Single,US Citizen,No,White,1/10/2011,career change,Voluntarily Terminated,Production,Elijiah Gray,16.0,Google Search,Fully Meets,4.8,5,0,3/4/2014,0,5
25,Frank Booth,103613,30,Enterprise Architect,CT,6033,07/30/64,M ,Single,US Citizen,No,Black or African American,2/17/2014,Learned that he is a gangster,Terminated for Cause,IT/IS,Simon Roup,4.0,LinkedIn,Fully Meets,3.5,5,7,1/10/2016,0,2
26,Bonalyn Boutwell,106367,26,Sr. Accountant,MA,2468,04/04/87,F,Married,US Citizen,No,Black or African American,2/16/2015,N/A-StillEmployed,Active,Admin Offices,Brandon R. LeBlanc,3.0,Diversity Job Fair,Fully Meets,5.0,4,3,2/18/2019,0,4
27,Charles Bozzi,74312,18,Production Manager,MA,1901,03/10/70,M ,Single,US Citizen,No,Asian,9/30/2013,retiring,Voluntarily Terminated,Production,Janet King,2.0,Indeed,Fully Meets,3.39,3,0,2/20/2014,0,14
28,Donna Brill,53492,19,Production Technician I,MA,1701,08/24/90,F,Married,US Citizen,No,White,4/2/2012,Another position,Voluntarily Terminated,Production,David Stanley,14.0,Google Search,Fully Meets,3.35,4,0,3/4/2013,0,6
29,Mia Brown,63000,1,Accountant I,MA,1450,11/24/87,F,Married,US Citizen,No,Black or African American,10/27/2008,N/A-StillEmployed,Active,Admin Offices,Brandon R. LeBlanc,1.0,Diversity Job Fair,Fully Meets,4.5,2,6,1/15/2019,0,14
30,Joseph   Buccheri,65288,20,Production Technician II,MA,1013,07/28/83,M ,Single,US Citizen,No,White,9/29/2014,N/A-StillEmployed,Active,Production,Webster Butler,,Google Search,Fully Meets,3.19,3,0,2/1/2019,0,9
31,Josephine  Bugali,64375,19,Production Technician I,MA,2043,10/30/69,F,Separated,US Citizen,No,Black or African American,11/11/2013,N/A-StillEmployed,Active,Production,Kissy Sullivan,20.0,Diversity Job Fair,Fully Meets,3.5,5,0,1/21/2019,0,17
32,Jessica Bunbury,74326,3,Area Sales Manager,VA,21851,06/01/64,F,Married,Eligible NonCitizen,No,Black or African American,8/15/2011,Another position,Voluntarily Terminated,Sales,John Smith,17.0,Google Search,Fully Meets,3.14,5,0,2/10/2013,1,19
33,Joelle Burke,63763,20,Production Technician II,MA,2148,03/02/80,F,Single,US Citizen,No,Black or African American,3/5/2012,N/A-StillEmployed,Active,Production,Amy Dunn,11.0,Employee Referral,Fully Meets,4.51,4,0,2/21/2019,0,3
34,Benjamin  Burkett,62162,20,Production Technician II,MA,1890,08/19/77,M ,Married,US Citizen,No,White,4/4/2011,N/A-StillEmployed,Active,Production,Ketsia Liebig,19.0,Indeed,Fully Meets,3.25,5,0,1/14/2019,0,15
35,Max  Cady,77692,25,Software Engineering Manager,MA,2184,11/22/66,M ,Single,US Citizen,No,White,8/15/2011,N/A-StillEmployed,Active,Software Engineering,Jennifer Zamora,5.0,Google Search,Fully Meets,3.84,3,5,1/21/2019,0,4
36,Calvin Candie,72640,18,Production Manager,MA,2169,08/09/83,M ,Single,US Citizen,No,White,1/28/2016,N/A-StillEmployed,Active,Production,Janet King,2.0,Indeed,Exceeds,5.0,3,0,2/22/2019,0,14
37,Judith Carabbio,93396,24,Software Engineer,MA,2132,04/05/87,F,Single,US Citizen,No,White,11/11/2013,N/A-StillEmployed,Active,Software Engineering,Alex Sweetwater,10.0,Indeed,Fully Meets,4.96,4,6,1/30/2019,0,3
38,Michael   Carey,52846,19,Production Technician I,MA,1701,02/02/83,M ,Single,US Citizen,No,Black or African American,3/31/2014,N/A-StillEmployed,Active,Production,Kelley Spirea,18.0,LinkedIn,Fully Meets,4.43,3,0,2/1/2019,0,14
39,Claudia  N Carr,100031,27,Sr. DBA,MA,1886,06/06/86,F,Single,US Citizen,No,Black or African American,6/30/2016,N/A-StillEmployed,Active,IT/IS,Simon Roup,4.0,LinkedIn,Fully Meets,5.0,5,6,2/18/2019,0,7
40,Michelle  Carter,71860,3,Area Sales Manager,VT,5664,05/15/63,F,Single,US Citizen,No,White,8/18/2014,N/A-StillEmployed,Active,Sales,John Smith,17.0,Indeed,Fully Meets,5.0,5,0,1/21/2019,0,7
41,Beatrice  Chace,61656,19,Production Technician I,MA,2763,01/02/51,F,Single,US Citizen,No,White,9/29/2014,N/A-StillEmployed,Active,Production,Michael Albert,22.0,Google Search,Fully Meets,5.0,4,0,2/12/2019,0,11
42,Brian Champaigne,110929,5,BI Director,MA,2045,02/09/72,M ,Married,US Citizen,No,White,9/6/2016,N/A-StillEmployed,Active,IT/IS,Jennifer Zamora,5.0,Indeed,Fully Meets,4.5,5,7,1/15/2019,0,8
43,Lin Chan,54237,19,Production Technician I,MA,2170,02/12/79,F,Single,US Citizen,No,White,5/12/2014,N/A-StillEmployed,Active,Production,Elijiah Gray,16.0,Indeed,Fully Meets,3.3,4,0,2/19/2019,0,11
44,Donovan  E Chang,60380,19,Production Technician I,MA,1845,08/24/83,M ,Single,US Citizen,No,White,7/8/2013,N/A-StillEmployed,Active,Production,Webster Butler,,LinkedIn,Fully Meets,3.8,5,0,1/14/2019,0,4
45,Anton Chigurh,66808,3,Area Sales Manager,TX,78207,06/11/70,M ,Single,Eligible NonCitizen,No,Black or African American,5/14/2012,N/A-StillEmployed,Active,Sales,Lynn Daneault,21.0,Employee Referral,Fully Meets,3.0,5,0,1/19/2019,0,17
46,Enola Chivukula,64786,19,Production Technician I,MA,1775,08/27/83,F,Single,US Citizen,No,White,6/27/2011,relocation out of area,Voluntarily Terminated,Production,Amy Dunn,11.0,Indeed,Fully Meets,4.3,4,0,3/10/2015,0,3
47,Caroline   Cierpiszewski,64816,19,Production Technician I,MA,2044,05/31/88,F,Single,Non-Citizen,No,Black or African American,10/3/2011,N/A-StillEmployed,Active,Production,Ketsia Liebig,19.0,Indeed,Fully Meets,3.58,5,0,1/30/2019,0,3
48,Rick Clayton,68678,14,IT Support,MA,2170,09/05/85,M ,Single,US Citizen,No,White,9/5/2012,N/A-StillEmployed,Active,IT/IS,Eric Dougall,6.0,Indeed,Fully Meets,4.7,3,6,2/27/2019,0,2
49,Jennifer Cloninger,64066,20,Production Technician II,MA,1752,08/31/81,F,Married,US Citizen,No,White,5/16/2011,unhappy,Voluntarily Terminated,Production,Brannon Miller,12.0,Google Search,Fully Meets,4.2,5,0,5/3/2012,0,9
50,Phil Close,59369,20,Production Technician II,MA,2169,11/25/78,M ,Married,US Citizen,No,White,8/30/2010,career change,Voluntarily Terminated,Production,David Stanley,14.0,Indeed,Fully Meets,4.2,4,0,5/4/2011,0,6
51,Elijian Clukey,50373,19,Production Technician I,MA,2134,08/26/80,M ,Married,US Citizen,No,White,7/6/2016,N/A-StillEmployed,Active,Production,Brannon Miller,12.0,Employee Referral,Exceeds,4.1,4,0,2/28/2019,0,5
52,James Cockel,63108,19,Production Technician I,MA,2452,09/08/77,M ,Single,US Citizen,No,White,7/8/2013,N/A-StillEmployed,Active,Production,David Stanley,14.0,Employee Referral,Fully Meets,4.4,5,0,1/14/2019,0,3
53,Spencer Cole,59144,19,Production Technician I,MA,1880,08/12/79,M ,Single,US Citizen,No,Black or African American,7/11/2011,performance,Terminated for Cause,Production,Kissy Sullivan,20.0,LinkedIn,Needs Improvement,2.0,3,0,5/1/2016,5,16
54,Michael Corleone,68051,18,Production Manager,MA,1803,12/17/75,M ,Divorced,US Citizen,No,White,7/20/2010,N/A-StillEmployed,Active,Production,Janet King,2.0,CareerBuilder,Needs Improvement,4.13,2,0,1/14/2019,3,3
55,Vito Corleone,170500,10,Director of Operations,MA,2030,03/19/83,M ,Single,US Citizen,No,Black or African American,1/5/2009,N/A-StillEmployed,Active,Production,Janet King,2.0,Indeed,Exceeds,3.7,5,0,2/4/2019,0,15
56,Lisa  Cornett,63381,19,Production Technician I,MA,2189,03/31/77,F,Married,US Citizen,Yes,White,1/5/2015,N/A-StillEmployed,Active,Production,Kelley Spirea,18.0,Indeed,Fully Meets,4.73,5,0,2/14/2019,0,6
57,Frank Costello,83552,9,Data Analyst,MA,1810,08/26/86,M ,Married,US Citizen,No,White,3/30/2015,N/A-StillEmployed,Active,IT/IS,Simon Roup,4.0,Indeed,Fully Meets,3.04,3,6,1/22/2019,0,2
58,Jean Crimmings,56149,19,Production Technician I,MA,1821,04/10/87,F,Single,US Citizen,No,White,7/6/2016,N/A-StillEmployed,Active,Production,Michael Albert,22.0,LinkedIn,Fully Meets,4.12,5,0,1/28/2019,0,15
59,Noah Cross,92329,28,Sr. Network Engineer,CT,6278,09/09/65,M ,Single,US Citizen,No,White,11/10/2014,N/A-StillEmployed,Active,IT/IS,Peter Monroe,7.0,Employee Referral,Fully Meets,5.0,3,4,1/2/2019,0,5
60,Lynn Daneault,65729,21,Sales Manager,VT,5473,04/19/90,F,Single,US Citizen,No,White,5/5/2014,N/A-StillEmployed,Active,Sales,Debra Houlihan,15.0,Indeed,Fully Meets,4.62,4,0,1/24/2019,0,8
61,Ann   Daniele,85028,28,Sr. Network Engineer,CT,6033,01/18/52,F,Married,US Citizen,No,White,11/10/2014,N/A-StillEmployed,Active,IT/IS,Peter Monroe,7.0,LinkedIn,Fully Meets,3.1,5,8,2/12/2019,0,19
62,Jene'ya  Darson,57583,19,Production Technician I,MA,2110,11/05/78,F,Married,US Citizen,No,White,7/2/2012,N/A-StillEmployed,Active,Production,Elijiah Gray,16.0,Indeed,Fully Meets,5.0,3,0,2/25/2019,0,1
63,Daniel Davis,56294,20,Production Technician II,MA,2458,09/14/79,M ,Single,Eligible NonCitizen,No,Two or more races,11/7/2011,N/A-StillEmployed,Active,Production,Kissy Sullivan,20.0,LinkedIn,Fully Meets,3.96,4,0,2/27/2019,0,6
64,Randy Dee,56991,19,Production Technician I,MA,2138,04/15/88,M ,Married,US Citizen,No,White,7/9/2018,N/A-StillEmployed,Active,Production,Brannon Miller,12.0,Indeed,Fully Meets,4.3,4,3,1/31/2019,2,2
65,James DeGweck,55722,19,Production Technician I,MA,1810,10/31/77,M ,Married,US Citizen,No,White,5/16/2011,unhappy,Voluntarily Terminated,Production,Webster Butler,39.0,Indeed,Fully Meets,5.0,4,0,4/2/2016,0,14
66,Keyla Del Bosque,101199,24,Software Engineer,MA,2176,07/05/79,F,Single,US Citizen,No,Black or African American,1/9/2012,N/A-StillEmployed,Active,Software Engineering,Alex Sweetwater,10.0,CareerBuilder,Fully Meets,3.79,5,5,1/25/2019,0,8
67,Alex Delarge,61568,3,Area Sales Manager,AL,36006,11/02/75,M ,Single,US Citizen,No,Two or more races,9/29/2014,N/A-StillEmployed,Active,Sales,John Smith,17.0,Indeed,PIP,1.93,3,0,1/30/2019,6,5
68,Carla Demita,58275,20,Production Technician II,MA,2343,02/25/51,F,Separated,US Citizen,No,Black or African American,4/4/2011,more money,Voluntarily Terminated,Production,Kelley Spirea,18.0,Google Search,Fully Meets,4.62,5,0,5/6/2015,0,1
69,Carl  Desimone,53189,19,Production Technician I,MA,2061,04/19/67,M ,Married,US Citizen,No,White,7/7/2014,N/A-StillEmployed,Active,Production,Amy Dunn,11.0,Indeed,PIP,1.12,2,0,1/31/2019,4,9
70,Tommy DeVito,96820,4,BI Developer,MA,2045,09/04/83,M ,Single,US Citizen,No,White,2/15/2017,N/A-StillEmployed,Active,IT/IS,Brian Champaigne,13.0,Indeed,Fully Meets,3.01,5,7,1/23/2019,0,15
71,Geoff  Dickinson,51259,19,Production Technician I,MA,2180,11/15/82,M ,Single,US Citizen,No,White,5/12/2014,N/A-StillEmployed,Active,Production,Ketsia Liebig,19.0,Indeed,Fully Meets,4.3,4,0,2/19/2019,0,1
72,Jenna   Dietrich,59231,3,Area Sales Manager,WA,98052,05/14/87,F,Single,US Citizen,Yes,White,2/20/2012,N/A-StillEmployed,Active,Sales,John Smith,17.0,Website,PIP,2.3,1,0,1/29/2019,2,17
73,Lily  DiNocco,61584,19,Production Technician I,MA,2351,12/02/78,F,Married,US Citizen,No,Black or African American,1/7/2013,N/A-StillEmployed,Active,Production,Brannon Miller,12.0,Indeed,Needs Improvement,3.88,4,0,1/18/2019,0,6
74,Denisa  S Dobrin,46335,19,Production Technician I,MA,2125,10/07/86,F,Single,US Citizen,Yes,White,4/2/2012,N/A-StillEmployed,Active,Production,David Stanley,14.0,CareerBuilder,Fully Meets,3.4,5,0,2/19/2019,0,15
75,Linda Dolan,70621,14,IT Support,MA,2119,07/18/88,F,Married,US Citizen,No,White,1/5/2015,N/A-StillEmployed,Active,IT/IS,Peter Monroe,7.0,Employee Referral,Fully Meets,4.11,4,6,2/25/2019,0,16
76,Eric Dougall,138888,13,IT Manager - Support,MA,1886,07/09/70,M ,Single,US Citizen,No,Black or African American,1/5/2014,N/A-StillEmployed,Active,IT/IS,Jennifer Zamora,5.0,Indeed,Exceeds,4.3,5,5,1/4/2019,0,4
77,Elle Driver,74241,3,Area Sales Manager,CA,90007,11/08/88,F,Single,US Citizen,No,White,1/10/2011,N/A-StillEmployed,Active,Sales,Lynn Daneault,21.0,Indeed,Exceeds,4.77,5,0,1/27/2019,0,14
78,Amy   Dunn,75188,18,Production Manager,MA,1731,11/28/73,F,Single,US Citizen,No,White,9/18/2014,N/A-StillEmployed,Active,Production,Janet King,2.0,Google Search,Fully Meets,4.52,4,0,1/15/2019,0,4
79,Amy Dunne,62514,19,Production Technician I,MA,1749,09/23/73,F,Married,US Citizen,No,White,4/26/2010,N/A-StillEmployed,Active,Production,Ketsia Liebig,19.0,Google Search,Fully Meets,2.9,3,0,1/21/2019,0,6
80,Marianne Eaton,60070,19,Production Technician I,MA,2343,09/05/91,F,Married,US Citizen,No,White,4/4/2011,military,Voluntarily Terminated,Production,Kissy Sullivan,20.0,Google Search,Fully Meets,5.0,3,0,4/9/2017,0,7
81,Jean Engdahl,48888,19,Production Technician I,MA,2026,05/31/74,M ,Single,US Citizen,No,White,11/10/2014,N/A-StillEmployed,Active,Production,Kelley Spirea,18.0,LinkedIn,Fully Meets,4.7,5,0,2/13/2019,0,8
82,Rex England,54285,19,Production Technician I,MA,2045,08/25/78,M ,Married,US Citizen,No,White,3/31/2014,N/A-StillEmployed,Active,Production,Kelley Spirea,18.0,Employee Referral,Fully Meets,4.2,3,0,1/11/2019,0,3
83,Angela Erilus,56847,20,Production Technician II,MA,2133,08/25/89,F,Separated,US Citizen,No,White,7/7/2014,N/A-StillEmployed,Active,Production,Michael Albert,22.0,Indeed,PIP,3.0,1,0,2/25/2019,2,5
84,Miguel Estremera,60340,19,Production Technician I,MA,2129,09/02/83,M ,Single,US Citizen,No,White,4/2/2012,attendance,Terminated for Cause,Production,Michael Albert,22.0,Google Search,Needs Improvement,5.0,4,0,4/12/2018,5,16
85,April Evensen,59124,19,Production Technician I,MA,2458,05/06/89,F,Single,US Citizen,No,White,2/17/2014,"no-call, no-show",Terminated for Cause,Production,Elijiah Gray,16.0,Google Search,Needs Improvement,2.3,3,0,1/15/2017,5,19
86,Susan Exantus,99280,24,Software Engineer,MA,1749,05/15/87,F,Married,US Citizen,No,Black or African American,5/2/2011,attendance,Terminated for Cause,Software Engineering,Alex Sweetwater,10.0,Indeed,Needs Improvement,2.1,5,4,8/10/2012,4,19
87,Megan  Faller,71776,20,Production Technician II,MA,1824,09/22/78,F,Married,US Citizen,No,Black or African American,7/7/2014,N/A-StillEmployed,Active,Production,Elijiah Gray,16.0,LinkedIn,Fully Meets,4.4,5,0,2/22/2019,0,17
88,Nicole Fancett,65902,20,Production Technician II,MA,2324,09/27/87,F,Single,US Citizen,No,Black or African American,2/17/2014,N/A-StillEmployed,Active,Production,Webster Butler,,LinkedIn,Fully Meets,4.0,4,0,1/7/2019,0,7
89,Susan Ferguson,57748,19,Production Technician I,MA,2176,04/14/55,F,Married,US Citizen,No,White,11/7/2011,military,Voluntarily Terminated,Production,Webster Butler,39.0,Google Search,Fully Meets,3.13,3,0,2/4/2016,0,16
90,Nilson   Fernandes,64057,19,Production Technician I,MA,2132,10/18/89,M ,Married,US Citizen,No,White,5/11/2015,N/A-StillEmployed,Active,Production,Amy Dunn,11.0,Indeed,PIP,1.56,5,0,1/3/2019,6,15
91,Boba Fett,53366,15,Network Engineer,MA,2138,06/18/87,M ,Single,US Citizen,No,White,3/30/2015,N/A-StillEmployed,Active,IT/IS,Peter Monroe,7.0,LinkedIn,PIP,1.2,3,6,2/4/2019,3,2
92,Libby Fidelia,58530,19,Production Technician I,MA,2155,03/16/81,F,Married,US Citizen,No,White,1/9/2012,N/A-StillEmployed,Active,Production,Brannon Miller,12.0,Google Search,Fully Meets,5.0,5,0,1/29/2019,0,19
93,Michael  J Fitzpatrick,72609,20,Production Technician II,MA,2143,10/01/81,M ,Single,US Citizen,Yes,White,5/16/2011,hours,Voluntarily Terminated,Production,Amy Dunn,11.0,Google Search,Fully Meets,4.76,5,0,4/5/2013,0,20
94,Tanya Foreman,55965,20,Production Technician II,MA,2170,11/08/83,F,Married,US Citizen,No,White,4/4/2011,career change,Voluntarily Terminated,Production,Ketsia Liebig,19.0,Google Search,Fully Meets,3.66,3,0,1/7/2012,0,6
95,Alex Forrest,70187,3,Area Sales Manager,MA,2330,07/07/75,M ,Married,US Citizen,No,White,9/29/2014,Fatal attraction,Terminated for Cause,Sales,Lynn Daneault,21.0,Employee Referral,PIP,2.0,5,0,1/28/2019,4,7
96,Jason Foss,178000,12,IT Director,MA,1460,07/05/80,M ,Single,US Citizen,No,Black or African American,4/15/2011,N/A-StillEmployed,Active,IT/IS,Jennifer Zamora,5.0,Indeed,Exceeds,5.0,5,5,1/7/2019,0,15
97,Amy Foster-Baker,99351,26,Sr. Accountant,MA,2050,04/16/79,F,Married,US Citizen,no,White,1/5/2009,N/A-StillEmployed,Active,Admin Offices,Board of Directors,9.0,Other,Fully Meets,5.0,3,2,2/8/2019,0,3
98,Maruk  Fraval,67251,3,Area Sales Manager,CT,6050,08/28/63,M ,Single,US Citizen,No,Black or African American,9/6/2011,N/A-StillEmployed,Active,Sales,Lynn Daneault,21.0,CareerBuilder,Fully Meets,4.3,3,0,1/27/2019,2,7
99,Lisa Galia,65707,14,IT Support,CT,6040,07/06/68,F,Single,US Citizen,No,White,5/1/2010,N/A-StillEmployed,Active,IT/IS,Eric Dougall,6.0,LinkedIn,Fully Meets,4.7,4,5,2/1/2019,0,1
100,Raul Garcia,52249,19,Production Technician I,MA,1905,09/15/85,M ,Single,US Citizen,Yes,White,3/30/2015,N/A-StillEmployed,Active,Production,David Stanley,14.0,Employee Referral,Fully Meets,4.5,3,0,2/18/2019,0,5
101,Barbara Gaul,53171,19,Production Technician I,MA,2121,12/02/83,F,Single,US Citizen,Yes,Black or African American,5/16/2011,N/A-StillEmployed,Active,Production,Kelley Spirea,18.0,LinkedIn,Fully Meets,4.2,4,0,2/26/2019,0,12
102,Mildred Gentry,51337,19,Production Technician I,MA,2145,10/01/90,F,Married,US Citizen,No,Black or African American,3/30/2015,N/A-StillEmployed,Active,Production,Michael Albert,22.0,LinkedIn,Fully Meets,3.73,3,0,1/16/2019,0,19
103,Melisa Gerke,51505,19,Production Technician I,MA,2330,05/15/70,F,Divorced,US Citizen,No,Black or African American,11/7/2011,hours,Voluntarily Terminated,Production,Elijiah Gray,16.0,Diversity Job Fair,Fully Meets,4.24,4,0,4/29/2016,0,2
104,Whitney   Gill,59370,3,Area Sales Manager,OH,43050,07/10/71,F,Widowed,US Citizen,No,Black or African American,7/7/2014,attendance,Terminated for Cause,Sales,John Smith,17.0,CareerBuilder,Fully Meets,3.97,4,0,1/15/2014,0,7
105,Alex Gilles,54933,19,Production Technician I,MA,2062,08/09/74,M ,Married,US Citizen,No,Black or African American,4/2/2012,military,Voluntarily Terminated,Production,Webster Butler,39.0,Diversity Job Fair,Needs Improvement,3.97,4,0,1/20/2015,3,15
106,Evelyn Girifalco,57815,19,Production Technician I,MA,2451,05/08/80,F,Single,US Citizen,Yes,Two or more races,9/29/2014,N/A-StillEmployed,Active,Production,Amy Dunn,11.0,Indeed,Exceeds,3.9,4,0,2/7/2019,0,3
107,Myriam Givens,61555,3,Area Sales Manager,IN,46204,09/22/89,F,Single,US Citizen,No,White,2/16/2015,N/A-StillEmployed,Active,Sales,Lynn Daneault,21.0,Indeed,Fully Meets,4.5,5,0,1/25/2019,0,20
108,Taisha Goble,114800,8,Database Administrator,MA,2127,10/23/71,F,Single,US Citizen,No,White,2/16/2015,"no-call, no-show",Terminated for Cause,IT/IS,Simon Roup,4.0,Indeed,Fully Meets,4.6,4,4,1/20/2015,0,10
109,Amon Goeth,74679,14,IT Support,MA,2135,11/24/89,M ,Married,US Citizen,Yes,White,3/30/2015,N/A-StillEmployed,Active,IT/IS,Peter Monroe,7.0,LinkedIn,Fully Meets,4.3,5,7,1/10/2019,0,20
110,Shenice   Gold,53018,19,Production Technician I,MA,2451,06/18/92,F,Single,US Citizen,Yes,White,11/11/2013,N/A-StillEmployed,Active,Production,Ketsia Liebig,19.0,Indeed,Fully Meets,4.3,5,0,2/18/2019,0,7
111,Cayo Gonzalez,59892,19,Production Technician I,MA,2108,09/29/69,M ,Divorced,US Citizen,No,Black or African American,7/11/2011,N/A-StillEmployed,Active,Production,Brannon Miller,12.0,Diversity Job Fair,Exceeds,4.5,4,0,2/18/2019,0,1
112,Juan Gonzalez,68898,20,Production Technician II,MA,2128,10/12/64,M ,Married,US Citizen,No,Black or African American,4/26/2010,career change,Voluntarily Terminated,Production,Brannon Miller,12.0,Diversity Job Fair,PIP,3.0,3,0,3/6/2011,3,10
113,Maria Gonzalez,61242,14,IT Support,MA,2472,04/16/81,F,Separated,US Citizen,Yes,White,1/5/2015,N/A-StillEmployed,Active,IT/IS,Peter Monroe,7.0,Employee Referral,Fully Meets,4.61,4,5,1/28/2019,0,11
114,Susan Good,66825,20,Production Technician II,MA,1886,05/25/86,F,Married,US Citizen,No,White,5/12/2014,N/A-StillEmployed,Active,Production,David Stanley,14.0,LinkedIn,Fully Meets,4.6,3,0,2/7/2019,0,20
115,David Gordon,48285,19,Production Technician I,MA,2169,05/21/79,M ,Married,US Citizen,No,White,7/2/2012,N/A-StillEmployed,Active,Production,David Stanley,14.0,LinkedIn,Fully Meets,5.0,3,0,1/14/2019,0,2
116,Phylicia   Gosciminski,66149,20,Production Technician II,MA,1824,12/08/83,F,Separated,US Citizen,No,American Indian or Alaska Native,9/30/2013,N/A-StillEmployed,Active,Production,Kissy Sullivan,20.0,Google Search,Fully Meets,4.4,5,0,2/21/2019,0,1
117,Roxana Goyal,49256,19,Production Technician I,MA,1864,10/09/74,F,Married,US Citizen,No,Asian,8/19/2013,N/A-StillEmployed,Active,Production,Kissy Sullivan,20.0,LinkedIn,Fully Meets,4.1,5,0,2/15/2019,0,3
118,Elijiah   Gray,62957,18,Production Manager,MA,1752,07/11/81,M ,Divorced,US Citizen,No,White,6/2/2015,N/A-StillEmployed,Active,Production,Janet King,2.0,Employee Referral,Fully Meets,4.63,3,0,1/4/2019,0,2
119,Paula Gross,63813,19,Production Technician I,MA,2176,05/21/83,F,Divorced,US Citizen,No,White,2/21/2011,more money,Voluntarily Terminated,Production,Kelley Spirea,18.0,CareerBuilder,Fully Meets,5.0,5,0,6/3/2013,0,17
120,Hans Gruber,99020,4,BI Developer,MA,2134,06/30/89,M ,Married,US Citizen,No,Black or African American,4/20/2017,N/A-StillEmployed,Active,IT/IS,Brian Champaigne,13.0,Indeed,Fully Meets,4.2,5,5,1/28/2019,0,8
121,Mike Guilianno,71707,3,Area Sales Manager,TN,37129,02/09/69,M ,Single,US Citizen,No,Two or more races,3/7/2012,relocation out of area,Voluntarily Terminated,Sales,John Smith,17.0,LinkedIn,Fully Meets,4.5,5,0,2/1/2013,0,20
122,Joanne Handschiegl,54828,19,Production Technician I,MA,2127,03/23/77,F,Married,US Citizen,No,White,11/28/2011,N/A-StillEmployed,Active,Production,Michael Albert,22.0,Google Search,Fully Meets,4.2,4,0,2/22/2019,0,13
123,Earnest Hankard,64246,20,Production Technician II,MA,2155,08/10/88,M ,Single,US Citizen,Yes,White,11/11/2013,N/A-StillEmployed,Active,Production,Kelley Spirea,18.0,LinkedIn,Fully Meets,5.0,3,0,1/8/2019,0,20
124,Christie  Harrington,52177,19,Production Technician I,MA,2324,08/18/52,F,Single,US Citizen,No,White,1/9/2012,retiring,Voluntarily Terminated,Production,Webster Butler,39.0,CareerBuilder,Fully Meets,4.64,4,0,5/2/2015,0,8
125,Kara Harrison,62065,19,Production Technician I,MA,1886,05/02/74,F,Married,US Citizen,No,White,5/12/2014,N/A-StillEmployed,Active,Production,Amy Dunn,11.0,CareerBuilder,Exceeds,4.76,4,0,2/15/2019,0,5
126,Anthony Heitzman,46998,19,Production Technician I,MA,2149,01/04/84,M ,Single,US Citizen,No,White,8/13/2012,N/A-StillEmployed,Active,Production,Ketsia Liebig,19.0,Google Search,Fully Meets,4.17,4,0,2/11/2019,0,1
127,Trina Hendrickson,68099,20,Production Technician II,MA,2021,08/27/72,F,Single,US Citizen,No,White,1/10/2011,hours,Voluntarily Terminated,Production,Kelley Spirea,18.0,CareerBuilder,Fully Meets,5.0,3,0,1/30/2013,0,15
128,Alfred Hitchcock,70545,3,Area Sales Manager,NH,3062,09/14/88,M ,Married,US Citizen,No,American Indian or Alaska Native,8/18/2014,N/A-StillEmployed,Active,Sales,John Smith,17.0,Indeed,Fully Meets,3.6,5,0,1/30/2019,0,9
129,Adrienne  J Homberger,63478,20,Production Technician II,MA,2445,02/16/84,F,Married,Non-Citizen,No,White,8/15/2011,relocation out of area,Voluntarily Terminated,Production,Michael Albert,30.0,Indeed,Fully Meets,3.03,5,0,3/5/2012,0,16
130,Jayne Horton,97999,8,Database Administrator,MA,2493,02/21/84,F,Single,US Citizen,No,White,3/30/2015,N/A-StillEmployed,Active,IT/IS,Simon Roup,4.0,Indeed,Fully Meets,4.48,5,6,1/3/2019,0,4
131,Debra Houlihan,180000,11,Director of Sales,RI,2908,03/17/66,F,Married,US Citizen,No,White,5/5/2014,N/A-StillEmployed,Active,Sales,Janet King,2.0,LinkedIn,Fully Meets,4.5,4,0,1/21/2019,0,19
132,Estelle Howard,49920,2,Administrative Assistant,MA,2170,09/16/85,F,Married,US Citizen,No,Black or African American,2/16/2015,"no-call, no-show",Terminated for Cause,Admin Offices,Brandon R. LeBlanc,1.0,Indeed,Fully Meets,3.24,3,4,4/15/2015,0,6
133,Jane Hudson,55425,19,Production Technician I,MA,2176,06/10/86,F,Single,US Citizen,No,White,2/20/2012,N/A-StillEmployed,Active,Production,Ketsia Liebig,19.0,LinkedIn,Fully Meets,4.8,4,0,1/7/2019,0,4
134,Julissa Hunts,69340,20,Production Technician II,MA,2021,03/11/84,F,Single,US Citizen,No,White,6/6/2016,N/A-StillEmployed,Active,Production,Elijiah Gray,16.0,LinkedIn,Fully Meets,3.0,5,0,1/18/2019,0,4
135,Rosalie Hutter,64995,20,Production Technician II,MA,2351,05/07/92,F,Separated,US Citizen,No,White,6/5/2015,N/A-StillEmployed,Active,Production,Webster Butler,,Indeed,Fully Meets,4.5,3,0,2/14/2019,0,6
136,Ming Huynh,68182,20,Production Technician II,MA,1742,09/22/76,F,Divorced,US Citizen,No,White,2/21/2011,unhappy,Voluntarily Terminated,Production,Amy Dunn,11.0,Google Search,Fully Meets,3.72,3,0,2/1/2013,0,18
137,Walter Immediato,83082,18,Production Manager,MA,2128,11/15/76,M ,Married,US Citizen,No,Asian,2/21/2011,unhappy,Voluntarily Terminated,Production,Janet King,2.0,Indeed,Needs Improvement,2.34,2,0,4/12/2012,3,4
138,Rose  Ivey,51908,19,Production Technician I,MA,1775,01/28/91,F,Single,US Citizen,No,White,8/19/2013,N/A-StillEmployed,Active,Production,Brannon Miller,12.0,Indeed,Fully Meets,3.99,3,0,1/14/2019,0,14
139,Maryellen Jackson,61242,19,Production Technician I,MA,2081,09/11/72,F,Single,US Citizen,No,Black or African American,11/5/2012,N/A-StillEmployed,Active,Production,David Stanley,14.0,LinkedIn,Fully Meets,4.1,3,0,1/17/2019,0,7
140,Hannah   Jacobi,45069,19,Production Technician I,MA,1778,03/22/66,F,Divorced,US Citizen,No,White,9/30/2013,N/A-StillEmployed,Active,Production,Kissy Sullivan,20.0,Employee Referral,Fully Meets,4.3,5,0,2/22/2019,0,7
141,Tayana Jeannite,60724,20,Production Technician II,MA,1821,11/06/86,F,Divorced,US Citizen,No,American Indian or Alaska Native,7/5/2011,N/A-StillEmployed,Active,Production,Ketsia Liebig,19.0,LinkedIn,Exceeds,4.6,4,0,2/25/2019,0,11
142,Sneha   Jhaveri,60436,19,Production Technician I,MA,2109,04/13/64,F,Separated,US Citizen,No,White,1/6/2014,N/A-StillEmployed,Active,Production,Kelley Spirea,18.0,LinkedIn,Fully Meets,5.0,5,0,1/21/2019,0,9
143,George Johnson,46837,19,Production Technician I,MA,2445,08/19/59,M ,Married,US Citizen,No,White,11/7/2011,more money,Voluntarily Terminated,Production,Michael Albert,22.0,CareerBuilder,Exceeds,4.7,4,0,2/14/2018,0,9
144,Noelle  Johnson,105700,8,Database Administrator,MA,2301,11/07/86,F,Married,US Citizen,No,Asian,1/5/2015,N/A-StillEmployed,Active,IT/IS,Simon Roup,4.0,Indeed,Fully Meets,3.75,3,5,2/11/2019,0,2
145,Yen Johnston,63322,20,Production Technician II,MA,2128,09/08/69,F,Single,US Citizen,No,White,7/7/2014,N/A-StillEmployed,Active,Production,Brannon Miller,12.0,LinkedIn,Exceeds,4.3,3,0,1/11/2019,0,1
146,Judy   Jung,61154,19,Production Technician I,MA,2446,04/17/86,F,Married,US Citizen,No,Black or African American,1/10/2011,unhappy,Voluntarily Terminated,Production,Elijiah Gray,16.0,CareerBuilder,Fully Meets,4.0,4,0,2/3/2016,0,4
147,Donysha Kampew,68999,21,Sales Manager,PA,19444,11/11/89,F,Single,US Citizen,No,White,11/7/2011,maternity leave - did not return,Voluntarily Terminated,Sales,Debra Houlihan,15.0,Google Search,Fully Meets,4.5,5,0,3/30/2013,0,2
148,Kramer  Keatts,50482,19,Production Technician I,MA,1887,01/19/76,M ,Single,US Citizen,No,White,9/30/2013,N/A-StillEmployed,Active,Production,Michael Albert,22.0,Indeed,Fully Meets,3.07,4,0,1/23/2019,0,10
149,Bartholemew Khemmich,65310,3,Area Sales Manager,CO,80820,11/27/79,M ,Single,US Citizen,No,White,8/19/2013,N/A-StillEmployed,Active,Sales,Lynn Daneault,21.0,Indeed,Fully Meets,4.3,5,0,1/22/2019,0,13
150,Janet King,250000,16,President & CEO,MA,1902,09/21/54,F,Married,US Citizen,Yes,White,7/2/2012,N/A-StillEmployed,Active,Executive Office,Board of Directors,9.0,Indeed,Fully Meets,4.83,3,0,1/17/2019,0,10
151,Kathleen   Kinsella,54005,19,Production Technician I,MA,2170,12/08/73,F,Married,US Citizen,No,White,9/26/2011,more money,Voluntarily Terminated,Production,Webster Butler,39.0,Google Search,Fully Meets,3.6,5,0,3/1/2015,0,16
152,Alexandra   Kirill,45433,19,Production Technician I,MA,2127,10/08/70,F,Married,US Citizen,No,White,9/26/2011,more money,Voluntarily Terminated,Production,Amy Dunn,11.0,Google Search,Fully Meets,3.49,4,0,1/30/2013,0,6
153,Bradley  J Knapp,46654,19,Production Technician I,MA,1721,11/10/77,M ,Single,US Citizen,No,Black or African American,2/17/2014,N/A-StillEmployed,Active,Production,Ketsia Liebig,19.0,LinkedIn,Fully Meets,3.1,3,0,2/6/2019,0,3
154,John Kretschmer,63973,19,Production Technician I,MA,1801,02/02/80,M ,Married,US Citizen,No,Asian,1/10/2011,N/A-StillEmployed,Active,Production,Brannon Miller,12.0,Indeed,Fully Meets,3.38,3,0,1/21/2019,0,17
155,Freddy Kreuger,71339,3,Area Sales Manager,NY,10171,02/24/69,M ,Single,US Citizen,Yes,Black or African American,3/7/2011,N/A-StillEmployed,Active,Sales,John Smith,17.0,Diversity Job Fair,Fully Meets,3.65,5,0,1/17/2019,0,20
156,Jyoti Lajiri,93206,28,Sr. Network Engineer,MA,2169,04/23/86,M ,Married,US Citizen,No,White,11/10/2014,N/A-StillEmployed,Active,IT/IS,Peter Monroe,7.0,Employee Referral,Fully Meets,4.46,5,6,1/7/2019,0,7
157,Hans Landa,82758,18,Production Manager,MA,1890,07/01/72,M ,Married,US Citizen,No,White,1/10/2011,attendance,Terminated for Cause,Production,Janet King,2.0,Employee Referral,Fully Meets,4.78,4,0,2/15/2015,0,9
158,Lindsey Langford,66074,20,Production Technician II,MA,2090,07/25/79,F,Divorced,US Citizen,No,Asian,1/7/2013,Another position,Voluntarily Terminated,Production,David Stanley,14.0,Indeed,Fully Meets,4.52,3,0,2/20/2014,0,20
159,Enrico Langton,46120,19,Production Technician I,MA,2048,12/09/86,M ,Married,US Citizen,No,White,7/9/2012,N/A-StillEmployed,Active,Production,David Stanley,14.0,LinkedIn,Fully Meets,5.0,5,0,2/4/2019,0,13
160,William   LaRotonda,64520,1,Accountant I,MA,1460,04/26/84,M ,Divorced,US Citizen,No,Black or African American,1/6/2014,N/A-StillEmployed,Active,Admin Offices,Brandon R. LeBlanc,1.0,Website,Fully Meets,5.0,4,4,1/17/2019,0,3
161,Mohammed Latif,61962,20,Production Technician II,MA,2126,05/09/84,M ,Married,US Citizen,No,White,4/2/2012,more money,Voluntarily Terminated,Production,Kissy Sullivan,20.0,Google Search,Fully Meets,4.9,3,0,2/20/2013,0,20
162,Binh Le,81584,22,Senior BI Developer,MA,1886,06/14/87,F,Single,US Citizen,No,Asian,10/2/2016,N/A-StillEmployed,Active,IT/IS,Brian Champaigne,13.0,Indeed,Fully Meets,4.1,5,7,1/8/2019,0,2
163,Dallas Leach,63676,19,Production Technician I,MA,1810,01/17/79,F,Single,US Citizen,No,Asian,9/26/2011,return to school,Voluntarily Terminated,Production,Kissy Sullivan,20.0,CareerBuilder,Fully Meets,4.88,3,0,7/2/2017,0,17
164,Brandon  R LeBlanc,93046,23,Shared Services Manager,MA,1460,06/10/84,M ,Married,US Citizen,No,White,1/5/2016,N/A-StillEmployed,Active,Admin Offices,Janet King,2.0,CareerBuilder,Fully Meets,4.1,4,0,1/28/2019,0,20
165,Hannibal Lecter,64738,19,Production Technician I,MA,1776,09/02/82,M ,Married,US Citizen,No,Asian,5/14/2012,N/A-StillEmployed,Active,Production,Elijiah Gray,16.0,Google Search,Fully Meets,4.1,3,0,2/22/2019,0,10
166,Giovanni Leruth,70468,3,Area Sales Manager,UT,84111,12/27/88,M ,Separated,US Citizen,No,Black or African American,4/30/2012,N/A-StillEmployed,Active,Sales,John Smith,17.0,Website,Fully Meets,4.53,3,0,1/29/2019,0,16
167,Ketsia Liebig,77915,18,Production Manager,MA,2110,10/26/81,F,Married,US Citizen,No,White,9/30/2013,N/A-StillEmployed,Active,Production,Janet King,2.0,Website,Exceeds,4.1,3,0,1/21/2019,0,11
168,Marilyn  Linares,52624,19,Production Technician I,MA,1886,03/26/81,F,Married,US Citizen,No,White,7/5/2011,unhappy,Voluntarily Terminated,Production,Michael Albert,22.0,Indeed,Fully Meets,3.18,4,0,3/2/2018,0,16
169,Mathew Linden,63450,20,Production Technician II,MA,1770,03/19/79,M ,Married,US Citizen,No,White,7/8/2013,N/A-StillEmployed,Active,Production,Kelley Spirea,18.0,LinkedIn,Fully Meets,4.0,3,0,2/18/2019,0,7
170,Leonara  Lindsay,51777,14,IT Support,CT,6070,10/05/88,F,Single,US Citizen,Yes,Black or African American,1/21/2011,N/A-StillEmployed,Active,IT/IS,Eric Dougall,6.0,Diversity Job Fair,Exceeds,4.64,4,5,1/25/2019,0,14
171,Susan Lundy,67237,20,Production Technician II,MA,2122,12/26/76,F,Widowed,US Citizen,No,White,7/8/2013,more money,Voluntarily Terminated,Production,Michael Albert,22.0,LinkedIn,Fully Meets,4.65,4,0,6/10/2016,0,15
172,Lisa Lunquist,73330,20,Production Technician II,MA,2324,03/28/82,F,Single,US Citizen,No,Black or African American,8/19/2013,N/A-StillEmployed,Active,Production,Elijiah Gray,16.0,Indeed,Exceeds,4.2,4,0,2/12/2019,0,19
173,Allison Lydon,52057,19,Production Technician I,MA,2122,10/22/75,F,Married,US Citizen,No,Black or African American,2/16/2015,N/A-StillEmployed,Active,Production,Elijiah Gray,16.0,Website,Fully Meets,5.0,3,0,1/23/2019,0,6
174,Lindsay Lynch,47434,19,Production Technician I,MA,1844,02/14/73,F,Single,US Citizen,Yes,Black or African American,11/7/2011,Another position,Voluntarily Terminated,Production,Webster Butler,39.0,Diversity Job Fair,Exceeds,5.0,4,0,2/2/2015,0,17
175,Samuel MacLennan,52788,19,Production Technician I,MA,1938,11/09/72,M ,Widowed,US Citizen,No,White,9/24/2012,hours,Voluntarily Terminated,Production,Amy Dunn,11.0,Indeed,Fully Meets,3.08,4,0,4/1/2017,0,18
176,Lauren   Mahoney,45395,19,Production Technician I,MA,2189,07/07/86,F,Single,US Citizen,No,White,1/6/2014,N/A-StillEmployed,Active,Production,Ketsia Liebig,19.0,LinkedIn,Fully Meets,4.6,4,0,2/26/2019,0,14
177,Robyn Manchester,62385,20,Production Technician II,MA,2324,08/25/76,F,Married,US Citizen,No,White,5/11/2016,N/A-StillEmployed,Active,Production,Webster Butler,,LinkedIn,Fully Meets,5.0,3,0,1/21/2019,0,4
178,Karen Mancuso,68407,20,Production Technician II,MA,2176,12/10/86,F,Married,US Citizen,No,Two or more races,7/5/2011,Another position,Voluntarily Terminated,Production,Amy Dunn,11.0,LinkedIn,Fully Meets,5.0,4,0,7/2/2012,0,16
179,Debbie Mangal,61349,19,Production Technician I,MA,2451,11/07/74,F,Married,US Citizen,No,White,11/11/2013,N/A-StillEmployed,Active,Production,Brannon Miller,12.0,LinkedIn,Fully Meets,4.1,3,0,1/22/2019,0,11
180,Sandra Martin,105688,24,Software Engineer,MA,2135,11/07/87,F,Single,US Citizen,No,Asian,11/11/2013,N/A-StillEmployed,Active,Software Engineering,Alex Sweetwater,10.0,Google Search,Fully Meets,4.5,5,4,1/14/2019,0,14
181,Shana Maurice,54132,19,Production Technician I,MA,2330,11/22/77,F,Married,US Citizen,No,White,5/31/2011,N/A-StillEmployed,Active,Production,David Stanley,14.0,Indeed,Fully Meets,5.0,4,0,1/10/2019,0,8
182,B'rigit Carthy,55315,20,Production Technician II,MA,2149,05/21/87,F,Single,US Citizen,No,Black or African American,3/30/2015,N/A-StillEmployed,Active,Production,Ketsia Liebig,19.0,LinkedIn,Fully Meets,5.0,5,0,2/7/2019,0,16
183,Sandy Mckenna,62810,19,Production Technician I,MA,2184,01/07/87,F,Married,US Citizen,No,Black or African American,1/7/2013,N/A-StillEmployed,Active,Production,Kissy Sullivan,20.0,CareerBuilder,Fully Meets,3.93,3,0,1/30/2019,0,20
184,Jac McKinzie,63291,3,Area Sales Manager,TX,78789,07/01/84,M ,Married,US Citizen,No,Two or more races,7/6/2016,N/A-StillEmployed,Active,Sales,Lynn Daneault,21.0,Website,Fully Meets,3.4,4,0,1/29/2019,0,7
185,Elizabeth Meads,62659,19,Production Technician I,MA,1760,05/30/68,F,Single,US Citizen,No,Black or African American,4/2/2012,Another position,Voluntarily Terminated,Production,Kelley Spirea,18.0,Diversity Job Fair,Fully Meets,4.18,4,0,2/5/2016,0,17
186,Jennifer Medeiros,55688,19,Production Technician I,MA,2346,09/22/76,F,Single,US Citizen,No,White,3/30/2015,N/A-StillEmployed,Active,Production,Michael Albert,22.0,CareerBuilder,Fully Meets,5.0,4,0,1/21/2019,0,10
187,Brannon Miller,83667,18,Production Manager,MA,2045,08/10/81,M ,Single,US Citizen,yes,Hispanic,8/16/2012,N/A-StillEmployed,Active,Production,Janet King,2.0,Indeed,Fully Meets,4.37,3,0,1/14/2019,0,2
188,Ned Miller,55800,20,Production Technician II,MA,2472,06/29/85,M ,Single,US Citizen,No,White,8/15/2011,unhappy,Voluntarily Terminated,Production,Brannon Miller,12.0,LinkedIn,PIP,3.0,2,0,1/14/2013,6,6
189,Erasumus Monkfish,58207,20,Production Technician II,MA,1450,08/17/92,M ,Married,US Citizen,No,White,11/7/2011,N/A-StillEmployed,Active,Production,David Stanley,14.0,LinkedIn,Fully Meets,3.7,3,0,1/8/2019,0,14
190,Peter Monroe,157000,13,IT Manager - Infra,MA,2134,10/05/86,M ,Married,Eligible NonCitizen,Yes,Black or African American,2/15/2012,N/A-StillEmployed,Active,IT/IS,Jennifer Zamora,5.0,Diversity Job Fair,Needs Improvement,2.39,3,6,2/22/2019,4,13
191,Luisa Monterro,72460,20,Production Technician II,MA,2126,04/24/70,F,Single,US Citizen,No,Black or African American,5/13/2013,N/A-StillEmployed,Active,Production,Kissy Sullivan,20.0,Indeed,Exceeds,4.7,3,0,1/14/2019,0,1
192,Patrick Moran,72106,20,Production Technician II,MA,2127,12/03/76,M ,Single,US Citizen,No,Black or African American,1/9/2012,N/A-StillEmployed,Active,Production,Kelley Spirea,18.0,Diversity Job Fair,Fully Meets,4.1,4,0,1/31/2019,0,12
193,Tanya Morway,52599,15,Network Engineer,MA,2048,04/04/79,F,Married,US Citizen,No,White,2/16/2015,N/A-StillEmployed,Active,IT/IS,Peter Monroe,7.0,CareerBuilder,Fully Meets,3.81,3,6,2/11/2019,0,6
194,Dawn Motlagh,63430,19,Production Technician I,MA,2453,07/07/84,F,Divorced,US Citizen,No,White,4/1/2013,N/A-StillEmployed,Active,Production,Elijiah Gray,16.0,LinkedIn,Fully Meets,4.4,4,0,1/17/2019,0,18
195,Maliki  Moumanil,74417,20,Production Technician II,MA,1460,12/01/74,M ,Separated,US Citizen,No,Black or African American,5/13/2013,N/A-StillEmployed,Active,Production,Michael Albert,22.0,LinkedIn,Fully Meets,4.29,5,0,1/28/2019,0,11
196,Michael Myers,57575,19,Production Technician I,MA,1550,04/18/80,M ,Single,US Citizen,No,Asian,7/8/2013,N/A-StillEmployed,Active,Production,Kissy Sullivan,20.0,LinkedIn,Fully Meets,4.1,4,0,1/22/2019,0,13
197,Kurt Navathe,87921,22,Senior BI Developer,MA,2056,04/25/70,M ,Single,US Citizen,No,Asian,2/10/2017,N/A-StillEmployed,Active,IT/IS,Brian Champaigne,13.0,Indeed,Fully Meets,5.0,3,6,2/25/2019,0,17
198,Colombui Ndzi,50470,19,Production Technician I,MA,2110,05/02/89,M ,Single,US Citizen,No,Black or African American,9/26/2011,return to school,Voluntarily Terminated,Production,Webster Butler,39.0,Diversity Job Fair,Fully Meets,4.3,3,0,3/2/2013,0,19
199,Horia Ndzi,46664,19,Production Technician I,MA,2421,03/28/83,M ,Married,US Citizen,No,White,4/1/2013,more money,Voluntarily Terminated,Production,Amy Dunn,11.0,Employee Referral,Fully Meets,3.18,3,0,3/6/2016,0,10
200,Richard  Newman,48495,19,Production Technician I,MA,2136,04/08/77,M ,Married,US Citizen,No,White,5/12/2014,N/A-StillEmployed,Active,Production,Ketsia Liebig,19.0,LinkedIn,Fully Meets,5.0,5,0,2/18/2019,0,11
201,Shari  Ngodup,52984,19,Production Technician I,MA,1810,06/03/67,F,Separated,US Citizen,No,Black or African American,4/1/2013,N/A-StillEmployed,Active,Production,Brannon Miller,12.0,Diversity Job Fair,Exceeds,4.0,3,0,2/13/2019,0,12
202,Dheepa Nguyen,63695,3,Area Sales Manager,GA,30428,03/31/89,F,Single,US Citizen,No,Two or more races,7/8/2013,N/A-StillEmployed,Active,Sales,Lynn Daneault,21.0,Indeed,Fully Meets,5.0,5,0,1/25/2019,0,2
203,Lei-Ming Nguyen,62061,19,Production Technician I,MA,2132,07/07/84,F,Single,US Citizen,No,White,7/8/2013,N/A-StillEmployed,Active,Production,David Stanley,14.0,LinkedIn,Fully Meets,3.6,5,0,1/2/2019,0,4
204,Kristie Nowlan,66738,20,Production Technician II,MA,1040,11/23/85,F,Single,US Citizen,No,White,11/10/2014,N/A-StillEmployed,Active,Production,Elijiah Gray,16.0,Indeed,Fully Meets,4.53,5,0,1/16/2019,0,5
205,Lynn O'hare,52674,19,Production Technician I,MA,2152,09/30/80,F,Single,US Citizen,No,Two or more races,3/31/2014,performance,Terminated for Cause,Production,Kissy Sullivan,20.0,LinkedIn,PIP,2.33,2,0,3/9/2018,6,3
206,Brooke  Oliver,71966,20,Production Technician II,MA,2492,02/11/52,F,Married,US Citizen,No,Asian,5/14/2012,unhappy,Voluntarily Terminated,Production,Webster Butler,39.0,LinkedIn,Fully Meets,5.0,3,0,7/2/2013,0,17
207,Jasmine Onque,63051,3,Area Sales Manager,FL,33174,05/11/90,F,Single,US Citizen,Yes,White,9/30/2013,N/A-StillEmployed,Active,Sales,Lynn Daneault,21.0,Indeed,Fully Meets,4.28,3,0,1/25/2019,0,1
208,Adeel Osturnka,47414,19,Production Technician I,MA,2478,12/11/76,M ,Married,US Citizen,No,White,9/30/2013,N/A-StillEmployed,Active,Production,Kelley Spirea,18.0,LinkedIn,Exceeds,5.0,3,0,2/7/2019,0,13
209,Clinton Owad,53060,19,Production Technician I,MA,1760,11/24/79,M ,Single,US Citizen,No,Black or African American,2/17/2014,N/A-StillEmployed,Active,Production,Michael Albert,22.0,LinkedIn,Needs Improvement,4.25,3,0,2/4/2019,4,6
210,Travis Ozark,68829,3,Area Sales Manager,NC,27229,05/19/82,M ,Single,US Citizen,No,White,1/5/2015,N/A-StillEmployed,Active,Sales,John Smith,17.0,Website,Fully Meets,5.0,5,0,1/14/2019,0,18
211,Nina Panjwani,63515,19,Production Technician I,MA,2351,05/01/79,F,Married,US Citizen,No,White,2/7/2011,Another position,Voluntarily Terminated,Production,Elijiah Gray,16.0,Google Search,Fully Meets,3.89,4,0,3/4/2013,0,7
212,Lucas Patronick,108987,24,Software Engineer,MA,1844,02/20/79,M ,Single,US Citizen,No,Black or African American,11/7/2011,Another position,Voluntarily Terminated,Software Engineering,Alex Sweetwater,10.0,Diversity Job Fair,Exceeds,5.0,5,3,8/16/2015,0,13
213,Randall Pearson,93093,9,Data Analyst,MA,2747,09/05/84,M ,Married,US Citizen,No,White,12/1/2014,performance,Voluntarily Terminated,IT/IS,Simon Roup,4.0,Employee Referral,Fully Meets,4.7,4,5,1/16/2016,0,19
214,Martin Smith,53564,19,Production Technician I,MA,2458,03/17/88,M ,Single,US Citizen,No,Black or African American,1/10/2011,career change,Voluntarily Terminated,Production,Webster Butler,39.0,Google Search,Needs Improvement,3.54,5,0,4/6/2017,4,15
215,Ermine Pelletier,60270,20,Production Technician II,MA,2472,07/18/89,F,Married,US Citizen,No,Asian,7/5/2011,unhappy,Voluntarily Terminated,Production,Amy Dunn,11.0,CareerBuilder,Needs Improvement,2.4,5,0,2/6/2015,5,2
216,Shakira Perry,45998,19,Production Technician I,MA,2176,07/20/86,F,Single,US Citizen,No,White,5/16/2011,medical issues,Voluntarily Terminated,Production,Amy Dunn,11.0,LinkedIn,Fully Meets,3.45,4,0,5/13/2014,0,5
217,Lauren Peters,57954,20,Production Technician II,MA,1886,08/17/86,F,Married,US Citizen,No,White,5/16/2011,more money,Voluntarily Terminated,Production,Ketsia Liebig,19.0,Indeed,Exceeds,4.2,5,0,1/10/2013,0,12
218,Ebonee   Peterson,74669,18,Production Manager,MA,2030,05/09/77,F,Married,US Citizen,No,White,10/25/2010,Another position,Voluntarily Terminated,Production,Janet King,2.0,Indeed,Fully Meets,4.16,5,0,3/5/2015,0,6
219,Shana   Petingill,74226,20,Production Technician II,MA,2050,03/10/79,F,Married,Eligible NonCitizen,No,Asian,4/2/2012,N/A-StillEmployed,Active,Production,Brannon Miller,12.0,LinkedIn,Fully Meets,4.3,3,0,1/14/2019,0,14
220,Thelma Petrowsky,93554,9,Data Analyst,MA,1886,09/16/84,F,Married,US Citizen,No,Black or African American,11/10/2014,N/A-StillEmployed,Active,IT/IS,Simon Roup,4.0,Employee Referral,Exceeds,4.6,5,7,1/4/2019,0,16
221,Hong Pham,64724,19,Production Technician I,MA,2451,03/06/88,M ,Married,US Citizen,No,Asian,7/5/2011,more money,Voluntarily Terminated,Production,Brannon Miller,12.0,Google Search,Fully Meets,5.0,3,0,2/20/2012,0,13
222,Brad  Pitt,47001,19,Production Technician I,MA,2451,11/23/81,M ,Single,US Citizen,No,White,11/5/2007,N/A-StillEmployed,Active,Production,David Stanley,14.0,Google Search,Fully Meets,3.66,3,0,2/25/2019,0,15
223,Xana Potts,61844,3,Area Sales Manager,KY,40220,08/29/88,F,Married,US Citizen,No,Black or African American,1/9/2012,N/A-StillEmployed,Active,Sales,Lynn Daneault,21.0,Website,Fully Meets,4.2,5,0,2/1/2019,0,9
224,Morissa Power,46799,19,Production Technician I,MA,1742,10/15/84,F,Divorced,Eligible NonCitizen,No,Asian,5/16/2011,Another position,Voluntarily Terminated,Production,Kissy Sullivan,20.0,Google Search,Fully Meets,3.17,4,0,4/2/2018,0,14
225,Louis   Punjabhi,59472,19,Production Technician I,MA,2109,06/19/61,M ,Single,US Citizen,No,White,1/6/2014,N/A-StillEmployed,Active,Production,Kelley Spirea,18.0,Employee Referral,Fully Meets,4.8,3,0,1/7/2019,0,14
226,Janine Purinton,46430,19,Production Technician I,MA,2474,09/22/70,F,Divorced,US Citizen,No,White,9/24/2012,unhappy,Voluntarily Terminated,Production,Kissy Sullivan,20.0,Indeed,Fully Meets,4.5,5,0,4/2/2013,0,16
227,Sean Quinn,83363,23,Software Engineer,MA,2045,11/06/84,M ,Married,Eligible NonCitizen,No,Black or African American,2/21/2011,career change,Voluntarily Terminated,Software Engineering,Janet King,2.0,Diversity Job Fair,Fully Meets,4.15,4,0,4/19/2014,0,4
228,Maggie Rachael,95920,4,BI Developer,MA,2110,05/12/80,F,Married,US Citizen,No,Black or African American,10/2/2016,N/A-StillEmployed,Active,IT/IS,Brian Champaigne,13.0,Indeed,Fully Meets,4.4,4,6,2/6/2019,0,10
229,Quinn Rarrick,61729,19,Production Technician I,MA,2478,12/31/84,M ,Divorced,US Citizen,No,White,9/26/2011,more money,Voluntarily Terminated,Production,Michael Albert,22.0,Indeed,Fully Meets,3.8,5,0,2/4/2018,0,19
230,Kylo Ren,61809,3,Area Sales Manager,ID,83706,10/12/54,M ,Married,US Citizen,No,White,5/12/2014,N/A-StillEmployed,Active,Sales,John Smith,17.0,CareerBuilder,Fully Meets,3.98,3,0,1/28/2019,0,4
231,Thomas Rhoads,45115,19,Production Technician I,MA,2176,07/22/82,M ,Divorced,US Citizen,Yes,White,5/16/2011,retiring,Voluntarily Terminated,Production,Elijiah Gray,16.0,LinkedIn,Fully Meets,5.0,4,0,3/30/2015,0,11
232,Haley   Rivera,46738,19,Production Technician I,MA,2171,01/12/73,F,Married,US Citizen,No,Asian,11/28/2011,N/A-StillEmployed,Active,Production,Webster Butler,,Google Search,Exceeds,4.36,5,0,2/11/2019,0,16
233,May Roberson,64971,20,Production Technician II,MA,1902,09/05/81,F,Divorced,Eligible NonCitizen,No,Black or African American,9/26/2011,return to school,Voluntarily Terminated,Production,David Stanley,14.0,Google Search,Fully Meets,4.5,4,0,10/22/2011,0,10
234,Peter Robertson,55578,20,Production Technician II,MA,2138,07/03/72,M ,Married,US Citizen,No,White,7/5/2011,Another position,Voluntarily Terminated,Production,Kissy Sullivan,20.0,Indeed,Fully Meets,4.2,5,0,1/6/2012,0,13
235,Alain   Robinson,50428,19,Production Technician I,MA,1420,01/07/74,M ,Married,US Citizen,No,Black or African American,1/10/2011,attendance,Voluntarily Terminated,Production,Amy Dunn,11.0,Indeed,Fully Meets,5.0,3,0,1/10/2015,0,11
236,Cherly Robinson,61422,19,Production Technician I,MA,1460,01/07/85,F,Married,US Citizen,No,White,1/10/2011,attendance,Terminated for Cause,Production,Ketsia Liebig,19.0,Indeed,Needs Improvement,3.6,3,0,4/5/2016,4,16
237,Elias Robinson,63353,19,Production Technician I,MA,1730,01/28/85,M ,Widowed,US Citizen,No,White,7/8/2013,N/A-StillEmployed,Active,Production,Brannon Miller,12.0,Employee Referral,Exceeds,3.6,5,0,2/11/2019,0,4
238,Lori  Roby,89883,9,Data Analyst,MA,1886,10/11/81,F,Married,US Citizen,No,White,2/16/2015,N/A-StillEmployed,Active,IT/IS,Simon Roup,4.0,Employee Referral,Fully Meets,3.69,5,6,2/14/2019,0,15
239,Bianca Roehrich,120000,29,Principal Data Architect,MA,2703,05/27/73,F,Single,US Citizen,Yes,White,1/5/2015,Another position,Voluntarily Terminated,IT/IS,Simon Roup,4.0,LinkedIn,Fully Meets,3.88,3,7,2/13/2018,0,12
240,Katie Roper,150290,7,Data Architect,MA,2056,11/21/72,F,Single,US Citizen,No,Black or African American,1/7/2017,N/A-StillEmployed,Active,IT/IS,Brian Champaigne,13.0,Indeed,Fully Meets,4.94,3,5,2/6/2019,0,17
241,Ashley   Rose,60627,19,Production Technician I,MA,1886,12/05/74,F,Separated,US Citizen,No,White,1/6/2014,N/A-StillEmployed,Active,Production,David Stanley,14.0,Website,Fully Meets,5.0,4,0,1/31/2019,0,8
242,Bruno Rossetti,53180,19,Production Technician I,MA,2155,03/18/87,M ,Single,US Citizen,No,White,4/4/2011,Another position,Voluntarily Terminated,Production,Kissy Sullivan,20.0,Google Search,Fully Meets,5.0,5,0,7/2/2018,0,4
243,Simon Roup,140920,13,IT Manager - DB,MA,2481,04/05/73,M ,Single,US Citizen,No,White,1/20/2013,N/A-StillEmployed,Active,IT/IS,Jennifer Zamora,5.0,Indeed,Fully Meets,3.6,5,7,2/18/2019,0,13
244,Ricardo Ruiz,148999,13,IT Manager - DB,MA,1915,01/04/64,M ,Divorced,US Citizen,No,Black or African American,1/9/2012,hours,Voluntarily Terminated,IT/IS,Jennifer Zamora,5.0,Diversity Job Fair,Fully Meets,4.3,4,6,1/4/2015,0,8
245,Adell Saada,86214,24,Software Engineer,MA,2132,07/24/86,F,Married,US Citizen,No,White,11/5/2012,N/A-StillEmployed,Active,Software Engineering,Alex Sweetwater,10.0,Indeed,Fully Meets,4.2,3,6,2/13/2019,0,2
246,Melinda Saar-Beckles,47750,19,Production Technician I,MA,1801,06/06/68,F,Single,US Citizen,No,Black or African American,7/4/2016,N/A-StillEmployed,Active,Production,Kelley Spirea,18.0,Diversity Job Fair,Needs Improvement,2.6,4,0,2/18/2019,5,4
247,Nore   Sadki,46428,19,Production Technician I,MA,2148,12/21/74,M ,Single,US Citizen,No,White,1/5/2009,relocation out of area,Voluntarily Terminated,Production,Michael Albert,22.0,Google Search,Fully Meets,4.6,5,0,2/5/2018,0,7
248,Adil Sahoo,57975,20,Production Technician II,MA,2062,04/26/86,M ,Married,US Citizen,No,White,8/30/2010,N/A-StillEmployed,Active,Production,Kelley Spirea,18.0,CareerBuilder,Fully Meets,4.1,3,0,1/10/2019,0,13
249,Jason Salter,88527,9,Data Analyst ,MA,2452,12/17/87,M ,Divorced,US Citizen,No,Black or African American,1/5/2015,hours,Voluntarily Terminated,IT/IS,Simon Roup,4.0,LinkedIn,Fully Meets,4.2,3,5,4/20/2015,0,2
250,Kamrin Sander,56147,19,Production Technician I,MA,2154,07/10/88,F,Married,US Citizen,No,Black or African American,9/29/2014,N/A-StillEmployed,Active,Production,Elijiah Gray,16.0,LinkedIn,Fully Meets,3.51,3,0,2/18/2019,0,2
251,Nori Sewkumar,50923,19,Production Technician I,MA,2191,03/10/75,F,Single,US Citizen,No,Asian,9/30/2013,N/A-StillEmployed,Active,Production,Webster Butler,,Google Search,Fully Meets,5.0,5,0,2/6/2019,0,14
252,Anita  Shepard,50750,15,Network Engineer,MA,1773,04/14/81,F,Married,US Citizen,No,White,9/30/2014,N/A-StillEmployed,Active,IT/IS,Peter Monroe,7.0,LinkedIn,Fully Meets,3.31,3,6,1/7/2019,0,7
253,Seffi Shields,52087,19,Production Technician I,MA,2149,08/24/85,F,Married,US Citizen,No,White,8/19/2013,N/A-StillEmployed,Active,Production,Amy Dunn,11.0,LinkedIn,Fully Meets,4.81,4,0,2/15/2019,0,15
254,Kramer Simard,87826,9,Data Analyst,MA,2110,02/08/70,M ,Married,US Citizen,Yes,White,1/5/2015,N/A-StillEmployed,Active,IT/IS,Simon Roup,4.0,Employee Referral,Fully Meets,3.32,3,7,1/14/2019,0,16
255,Nan  Singh,51920,2,Administrative Assistant,MA,2330,05/19/88,F,Single,US Citizen,No,White,5/1/2015,N/A-StillEmployed,Active,Admin Offices,Brandon R. LeBlanc,1.0,Website,Fully Meets,5.0,3,5,1/15/2019,0,2
256,Constance Sloan,63878,20,Production Technician II,MA,1851,11/25/87,F,Single,US Citizen,No,White,10/26/2009,maternity leave - did not return,Voluntarily Terminated,Production,Michael Albert,22.0,CareerBuilder,Fully Meets,4.68,4,0,4/2/2015,0,20
257,Joe Smith,60656,20,Production Technician II,MA,2045,10/30/63,M ,Single,US Citizen,No,White,9/29/2014,N/A-StillEmployed,Active,Production,Elijiah Gray,16.0,Indeed,Exceeds,4.3,3,0,1/28/2019,0,4
258,John Smith,72992,21,Sales Manager,MA,1886,08/16/84,M ,Divorced,US Citizen,No,Black or African American,5/18/2014,N/A-StillEmployed,Active,Sales,Debra Houlihan,15.0,Diversity Job Fair,Needs Improvement,2.4,4,0,1/16/2019,2,16
259,Leigh Ann Smith,55000,2,Administrative Assistant,MA,1844,06/14/87,F,Married,US Citizen,No,Black or African American,9/26/2011,career change,Voluntarily Terminated,Admin Offices,Brandon R. LeBlanc,1.0,Diversity Job Fair,Fully Meets,3.8,4,4,8/15/2013,0,17
260,Sade Smith,58939,19,Production Technician I,MA,2130,02/02/65,F,Single,US Citizen,No,White,11/11/2013,N/A-StillEmployed,Active,Production,Ketsia Liebig,19.0,Employee Referral,Fully Meets,3.73,3,0,1/24/2019,0,16
261,Julia  Soto,66593,14,IT Support,MA,2360,03/12/73,F,Married,US Citizen,No,Black or African American,6/10/2011,N/A-StillEmployed,Active,IT/IS,Eric Dougall,6.0,LinkedIn,Fully Meets,4.3,3,5,2/8/2019,0,19
262,Keyser Soze,87565,28,Sr. Network Engineer,MA,1545,02/09/83,M ,Married,US Citizen,No,Asian,6/30/2016,N/A-StillEmployed,Active,IT/IS,Peter Monroe,7.0,LinkedIn,Fully Meets,3.27,4,5,1/14/2019,0,13
263,Taylor   Sparks,64021,19,Production Technician I,MA,2093,07/20/68,F,Married,US Citizen,No,White,2/20/2012,N/A-StillEmployed,Active,Production,Brannon Miller,12.0,Indeed,PIP,2.4,2,1,2/25/2019,6,20
264,Kelley Spirea,65714,18,Production Manager,MA,2451,09/30/75,F,Married,US Citizen,No,White,10/2/2012,N/A-StillEmployed,Active,Production,Janet King,2.0,LinkedIn,Fully Meets,4.83,5,0,2/14/2019,0,15
265,Kristen Squatrito,62425,19,Production Technician I,MA,2359,03/26/73,F,Divorced,US Citizen,No,White,5/13/2013,unhappy,Voluntarily Terminated,Production,David Stanley,14.0,LinkedIn,Exceeds,4.1,4,0,3/2/2015,0,16
266,Barbara  M Stanford,47961,19,Production Technician I,MA,2050,08/25/82,F,Divorced,US Citizen,No,Two or more races,1/10/2011,N/A-StillEmployed,Active,Production,Kissy Sullivan,20.0,Google Search,Fully Meets,4.1,4,0,2/7/2019,0,9
267,Norman Stansfield,58273,3,Area Sales Manager,NV,89139,05/09/74,M ,Married,US Citizen,No,White,5/12/2014,N/A-StillEmployed,Active,Sales,Lynn Daneault,21.0,Website,PIP,1.81,2,0,1/17/2019,3,5
268,Tyrone   Steans,63003,1,Accountant I,MA,2703,09/01/86,M ,Single,US Citizen,No,White,9/29/2014,N/A-StillEmployed,Active,Admin Offices,Brandon R. LeBlanc,1.0,Indeed,Fully Meets,3.9,5,5,1/18/2019,0,9
269,Rick Stoica,61355,19,Production Technician I,MA,2301,03/14/85,M ,Married,US Citizen,No,Asian,2/17/2014,N/A-StillEmployed,Active,Production,Kelley Spirea,18.0,LinkedIn,Fully Meets,4.7,3,0,1/11/2019,0,4
270,Caitrin Strong,60120,3,Area Sales Manager,MT,59102,05/12/89,F,Married,US Citizen,No,Black or African American,9/27/2010,N/A-StillEmployed,Active,Sales,John Smith,17.0,Indeed,Fully Meets,4.1,4,0,1/31/2019,0,18
271,Kissy  Sullivan,63682,18,Production Manager,MA,1776,03/28/78,F,Married,US Citizen,No,Black or African American,1/8/2009,N/A-StillEmployed,Active,Production,Janet King,2.0,Indeed,Fully Meets,3.73,4,0,1/24/2019,0,12
272,Timothy Sullivan,63025,19,Production Technician I,MA,2747,10/07/82,M ,Married,US Citizen,Yes,White,1/5/2015,N/A-StillEmployed,Active,Production,Michael Albert,22.0,Google Search,Fully Meets,4.36,5,0,1/24/2019,0,10
273,Barbara Sutwell,59238,19,Production Technician I,MA,2718,08/15/68,F,Single,Eligible NonCitizen,No,Asian,5/14/2012,N/A-StillEmployed,Active,Production,Elijiah Gray,16.0,Indeed,Fully Meets,3.4,5,0,1/31/2019,0,13
274,Andrew Szabo,92989,24,Software Engineer,MA,2140,05/06/83,M ,Single,US Citizen,No,White,7/7/2014,N/A-StillEmployed,Active,Software Engineering,Alex Sweetwater,10.0,LinkedIn,Exceeds,4.5,5,5,2/18/2019,0,1
275,Biff Tannen,90100,4,BI Developer,MA,2134,10/24/87,M ,Married,US Citizen,No,White,4/20/2017,N/A-StillEmployed,Active,IT/IS,Brian Champaigne,13.0,Indeed,Fully Meets,3.4,3,6,1/2/2019,0,14
276,Desiree   Tavares,60754,19,Production Technician I,MA,1801,04/03/75,F,Married,Non-Citizen,No,Black or African American,4/27/2009,Another position,Voluntarily Terminated,Production,Webster Butler,39.0,Diversity Job Fair,Fully Meets,4.5,5,0,2/15/2012,0,11
277,Lenora  Tejeda,72202,20,Production Technician II,MA,2129,05/24/53,F,Married,US Citizen,No,White,5/16/2011,Another position,Voluntarily Terminated,Production,Elijiah Gray,16.0,Google Search,Fully Meets,3.93,3,0,4/18/2017,0,3
278,Sharlene  Terry,58370,3,Area Sales Manager,OR,97756,05/07/65,F,Single,US Citizen,No,Black or African American,9/29/2014,N/A-StillEmployed,Active,Sales,Lynn Daneault,21.0,Indeed,Fully Meets,3.69,3,0,1/28/2019,0,18
279,Sophia Theamstern,48413,19,Production Technician I,MA,2066,05/09/65,F,Single,US Citizen,No,White,7/5/2011,return to school,Voluntarily Terminated,Production,Amy Dunn,11.0,Indeed,Fully Meets,3.98,4,0,3/2/2016,0,1
280,Kenneth Thibaud,67176,20,Production Technician II,MA,2472,09/16/75,M ,Widowed,US Citizen,No,White,6/25/2007,military,Voluntarily Terminated,Production,Webster Butler,39.0,Other,Fully Meets,4.1,4,0,7/14/2010,0,15
281,Jeanette Tippett,56339,19,Production Technician I,MA,2093,06/05/67,F,Divorced,US Citizen,No,Black or African American,2/18/2013,N/A-StillEmployed,Active,Production,Brannon Miller,12.0,Indeed,Fully Meets,4.21,5,0,1/14/2019,0,4
282,Jack Torrence,64397,3,Area Sales Manager,ND,58782,01/15/68,M ,Separated,US Citizen,No,White,1/9/2006,N/A-StillEmployed,Active,Sales,Lynn Daneault,21.0,Indeed,Exceeds,4.1,3,0,1/4/2019,0,6
283,Mei Trang,63025,19,Production Technician I,MA,2021,05/16/83,F,Single,US Citizen,No,White,2/17/2014,N/A-StillEmployed,Active,Production,David Stanley,14.0,LinkedIn,Needs Improvement,2.44,5,0,2/11/2019,4,18
284,Neville  Tredinnick,75281,15,Network Engineer,MA,1420,05/05/88,M ,Married,US Citizen,No,White,1/5/2015,medical issues,Voluntarily Terminated,IT/IS,Peter Monroe,7.0,CareerBuilder,Fully Meets,5.0,3,5,4/15/2015,0,11
285,Edward True,100416,24,Software Engineer,MA,2451,06/14/83,M ,Single,Non-Citizen,No,Black or African American,2/18/2013,medical issues,Voluntarily Terminated,Software Engineering,Alex Sweetwater,10.0,Diversity Job Fair,Fully Meets,4.6,3,4,2/12/2017,0,9
286,Cybil Trzeciak,74813,20,Production Technician II,MA,1778,03/15/85,F,Single,US Citizen,No,White,1/10/2011,unhappy,Voluntarily Terminated,Production,Amy Dunn,11.0,LinkedIn,Fully Meets,4.4,3,0,1/5/2014,0,5
287,Jumil Turpin,76029,15,Network Engineer,MA,2343,03/31/69,M ,Married,Eligible NonCitizen,No,White,3/30/2015,N/A-StillEmployed,Active,IT/IS,Peter Monroe,7.0,Employee Referral,Fully Meets,5.0,4,7,1/14/2019,0,8
288,Jackie Valentin,57859,3,Area Sales Manager,AZ,85006,05/23/91,F,Married,US Citizen,No,Two or more races,7/5/2011,N/A-StillEmployed,Active,Sales,John Smith,17.0,Indeed,Fully Meets,2.81,3,0,1/17/2019,0,16
289,Abdellah  Veera,58523,19,Production Technician I,MA,2171,01/31/87,M ,Divorced,US Citizen,No,White,8/13/2012,maternity leave - did not return,Voluntarily Terminated,Production,Kissy Sullivan,20.0,LinkedIn,Exceeds,4.5,5,0,2/1/2016,0,15
290,Vincent Vega,88976,17,Production Manager,MA,2169,10/10/68,M ,Divorced,US Citizen,No,White,8/1/2011,N/A-StillEmployed,Active,Production,Janet King,2.0,Employee Referral,Fully Meets,3.93,3,0,2/27/2019,0,19
291,Noah Villanueva,55875,3,Area Sales Manager,ME,4063,07/11/89,M ,Single,US Citizen,No,Asian,3/5/2012,N/A-StillEmployed,Active,Sales,John Smith,17.0,Website,Fully Meets,4.5,4,0,1/18/2019,0,11
292,Lord Voldemort,113999,8,Database Administrator,MA,1960,08/07/86,M ,Married,US Citizen,No,Black or African American,2/16/2015,"no-call, no-show",Terminated for Cause,IT/IS,Simon Roup,4.0,Employee Referral,Fully Meets,4.33,3,7,2/15/2017,0,9
293,Colleen Volk,49773,19,Production Technician I,MA,2747,06/03/86,F,Married,US Citizen,No,White,9/26/2011,gross misconduct,Terminated for Cause,Production,Kelley Spirea,18.0,Google Search,Exceeds,4.3,5,0,2/1/2015,0,18
294,Anna Von Massenbach,62068,19,Production Technician I,MA,2124,04/06/85,F,Single,US Citizen,No,White,7/5/2015,N/A-StillEmployed,Active,Production,Michael Albert,22.0,LinkedIn,Fully Meets,3.21,3,0,1/29/2019,0,7
295,Roger Walker,66541,20,Production Technician II,MA,2459,02/10/76,M ,Single,US Citizen,No,Black or African American,8/18/2014,N/A-StillEmployed,Active,Production,Ketsia Liebig,19.0,Employee Referral,Fully Meets,3.11,5,0,2/12/2019,0,4
296,Courtney  E Wallace,80512,18,Production Manager,MA,2478,11/14/55,F,Married,US Citizen,No,Black or African American,9/26/2011,Another position,Voluntarily Terminated,Production,Janet King,2.0,Diversity Job Fair,Fully Meets,4.5,3,0,1/2/2012,0,5
297,Theresa Wallace,50274,19,Production Technician I,MA,1887,08/02/80,F,Single,US Citizen,No,White,8/13/2012,career change,Voluntarily Terminated,Production,Elijiah Gray,16.0,CareerBuilder,Needs Improvement,2.5,3,0,9/5/2014,6,13
298,Charlie Wang,84903,22,Senior BI Developer,MA,1887,07/08/81,M ,Single,US Citizen,No,Asian,2/15/2017,N/A-StillEmployed,Active,IT/IS,Brian Champaigne,13.0,Indeed,Fully Meets,3.42,4,7,1/4/2019,0,17
299,Sarah Warfield,107226,28,Sr. Network Engineer,MA,2453,05/02/78,F,Widowed,US Citizen,No,Asian,3/30/2015,N/A-StillEmployed,Active,IT/IS,Peter Monroe,7.0,Employee Referral,Fully Meets,4.2,4,8,2/5/2019,0,7
300,Scott Whittier,58371,19,Production Technician I,MA,2030,05/24/87,M ,Single,US Citizen,Yes,White,1/10/2011,hours,Voluntarily Terminated,Production,Webster Butler,39.0,LinkedIn,Fully Meets,5.0,5,0,5/15/2014,0,11
301,Barry Wilber,55140,19,Production Technician I,MA,2324,09/09/65,M ,Married,Eligible NonCitizen,No,White,5/16/2011,unhappy,Voluntarily Terminated,Production,Amy Dunn,11.0,Website,Fully Meets,5.0,3,0,2/15/2015,0,7
302,Annie Wilkes,58062,19,Production Technician I,MA,1876,07/30/83,F,Divorced,US Citizen,No,White,1/10/2011,Another position,Voluntarily Terminated,Production,Ketsia Liebig,19.0,Google Search,Fully Meets,3.6,5,0,2/6/2011,0,9
303,Jacquelyn   Williams,59728,19,Production Technician I,MA,2109,10/02/69,F,Single,US Citizen,Yes,Black or African American,1/9/2012,relocation out of area,Voluntarily Terminated,Production,Ketsia Liebig,19.0,Diversity Job Fair,Fully Meets,4.3,4,0,6/2/2014,0,16
304,Jordan   Winthrop,70507,20,Production Technician II,MA,2045,11/07/58,M ,Single,US Citizen,No,White,1/7/2013,retiring,Voluntarily Terminated,Production,Brannon Miller,12.0,LinkedIn,Exceeds,5.0,3,0,1/19/2016,0,7
305,Hang  T Wolk,60446,20,Production Technician II,MA,2302,04/20/85,F,Single,US Citizen,No,White,9/29/2014,N/A-StillEmployed,Active,Production,David Stanley,14.0,LinkedIn,Fully Meets,3.4,4,0,2/21/2019,0,14
306,Jason Woodson,65893,20,Production Technician II,MA,1810,05/11/85,M ,Single,US Citizen,No,White,7/7/2014,N/A-StillEmployed,Active,Production,Kissy Sullivan,20.0,LinkedIn,Fully Meets,4.07,4,0,2/28/2019,0,13
307,Catherine  Ybarra,48513,19,Production Technician I,MA,2458,05/04/82,F,Single,US Citizen,No,Asian,9/2/2008,Another position,Voluntarily Terminated,Production,Brannon Miller,12.0,Google Search,PIP,3.2,2,0,9/2/2015,5,4
308,Jennifer Zamora,220450,6,CIO,MA,2067,08/30/79,F,Single,US Citizen,No,White,4/10/2010,N/A-StillEmployed,Active,IT/IS,Janet King,2.0,Employee Referral,Exceeds,4.6,5,6,2/21/2019,0,16
309,Julia Zhou,89292,9,Data Analyst,MA,2148,02/24/79,F,Single,US Citizen,No,White,3/30/2015,N/A-StillEmployed,Active,IT/IS,Simon Roup,4.0,Employee Referral,Fully Meets,5.0,3,5,2/1/2019,0,11
310,Colleen Zima,45046,19,Production Technician I,MA,1730,08/17/78,F,Widowed,US Citizen,No,Asian,9/29/2014,N/A-StillEmployed,Active,Production,David Stanley,14.0,LinkedIn,Fully Meets,4.5,5,0,1/30/2019,0,2
